Name,Subject,Body
"Customer Welcome","👋 Welcome to SuperWidgetMart! 🎉","Hi [[FirstName]],

Thank you for joining SuperWidgetMart 🎉! We're excited to have you as part of our community of widget enthusiasts.

Your account is now active, and you can start exploring our marketplace at superwidgetmart.com right away.

You'll find:
- A wide selection of quality widgets
- Secure payment processing
- 24/7 customer support
- Super deals and promotions

As a welcome gift, use code WELCOME20 for 20% off your first purchase.

Need help? Just reply to this email or visit our help center at superwidgetmart.com/help.

Happy widget hunting! 🔍

Best regards,
The SuperWidgetMart Team

P.S. Follow us on social media @SuperWidgetMart to stay updated on the latest widget trends and deals."